event_id,control_name,priority_level,priority_score,compliance_control,matched_rules
DRF00684,Control-82,HIGH,79.25,CIS Controls 10.1,"[""Endpoint Protection Disabled""]"
DRF00684,Control-82,HIGH,79.25,NIST SI-3,"[""Endpoint Protection Disabled""]"
DRF00684,Control-82,HIGH,79.25,PCI DSS 5.2,"[""Endpoint Protection Disabled""]"
DRF00635,Control-67,HIGH,71.07,CIS Controls 3.13,"[""DLP Rule Removed""]"
DRF00635,Control-67,HIGH,71.07,GDPR Article 32,"[""DLP Rule Removed""]"
DRF00635,Control-67,HIGH,71.07,NIST SI-4,"[""DLP Rule Removed""]"
DRF00635,Control-67,HIGH,71.07,PCI DSS 12.3,"[""DLP Rule Removed""]"
DRF00847,Control-9,HIGH,71.85,CIS Controls 10.1,"[""Endpoint Protection Disabled""]"
DRF00847,Control-9,HIGH,71.85,NIST SI-3,"[""Endpoint Protection Disabled""]"
DRF00847,Control-9,HIGH,71.85,PCI DSS 5.2,"[""Endpoint Protection Disabled""]"
DRF00709,Control-35,CRITICAL,93.0,CIS Controls 3.11,"[""Encryption Downgrade""]"
DRF00709,Control-35,CRITICAL,93.0,GDPR Article 32,"[""Encryption Downgrade""]"
DRF00709,Control-35,CRITICAL,93.0,NIST SC-13,"[""Encryption Downgrade""]"
DRF00709,Control-35,CRITICAL,93.0,PCI DSS 3.5,"[""Encryption Downgrade""]"
DRF00809,Control-87,CRITICAL,93.0,CIS Controls 3.11,"[""Encryption Downgrade""]"
DRF00809,Control-87,CRITICAL,93.0,GDPR Article 32,"[""Encryption Downgrade""]"
DRF00809,Control-87,CRITICAL,93.0,NIST SC-13,"[""Encryption Downgrade""]"
DRF00809,Control-87,CRITICAL,93.0,PCI DSS 3.5,"[""Encryption Downgrade""]"
DRF00806,Control-60,HIGH,73.91,CIS Controls 4.1,"[""Cloud Security Policy Removed""]"
DRF00806,Control-60,HIGH,73.91,NIST CM-3,"[""Cloud Security Policy Removed""]"
DRF00806,Control-60,HIGH,73.91,PCI DSS 6.5.1,"[""Cloud Security Policy Removed""]"
DRF00862,Control-75,MEDIUM,63.61,CIS Controls 10.1,"[""Endpoint Protection Disabled""]"
DRF00862,Control-75,MEDIUM,63.61,NIST SI-3,"[""Endpoint Protection Disabled""]"
DRF00862,Control-75,MEDIUM,63.61,PCI DSS 5.2,"[""Endpoint Protection Disabled""]"
DRF00728,Control-81,HIGH,75.54,CIS Controls 4.1,"[""Cloud Security Policy Removed""]"
DRF00728,Control-81,HIGH,75.54,NIST CM-3,"[""Cloud Security Policy Removed""]"
DRF00728,Control-81,HIGH,75.54,PCI DSS 6.5.1,"[""Cloud Security Policy Removed""]"
DRF00789,Control-95,HIGH,72.73,CIS Controls 4.1,"[""Cloud Security Policy Removed""]"
DRF00789,Control-95,HIGH,72.73,NIST CM-3,"[""Cloud Security Policy Removed""]"
DRF00789,Control-95,HIGH,72.73,PCI DSS 6.5.1,"[""Cloud Security Policy Removed""]"
DRF00663,Control-30,CRITICAL,92.0,CIS Controls 8.2,"[""Audit Logging Disabled""]"
DRF00663,Control-30,CRITICAL,92.0,NIST AU-2,"[""Audit Logging Disabled""]"
DRF00663,Control-30,CRITICAL,92.0,NIST AU-6,"[""Audit Logging Disabled""]"
DRF00663,Control-30,CRITICAL,92.0,PCI DSS 10.2,"[""Audit Logging Disabled""]"
DRF00853,Control-78,MEDIUM,64.96,CIS Controls 10.1,"[""Endpoint Protection Disabled""]"
DRF00853,Control-78,MEDIUM,64.96,NIST SI-3,"[""Endpoint Protection Disabled""]"
DRF00853,Control-78,MEDIUM,64.96,PCI DSS 5.2,"[""Endpoint Protection Disabled""]"
DRF00543,Control-56,CRITICAL,92.0,CIS Controls 8.2,"[""Audit Logging Disabled""]"
DRF00543,Control-56,CRITICAL,92.0,NIST AU-2,"[""Audit Logging Disabled""]"
DRF00543,Control-56,CRITICAL,92.0,NIST AU-6,"[""Audit Logging Disabled""]"
DRF00543,Control-56,CRITICAL,92.0,PCI DSS 10.2,"[""Audit Logging Disabled""]"
DRF00716,Control-79,CRITICAL,93.0,CIS Controls 3.11,"[""Encryption Downgrade""]"
DRF00716,Control-79,CRITICAL,93.0,GDPR Article 32,"[""Encryption Downgrade""]"
DRF00716,Control-79,CRITICAL,93.0,NIST SC-13,"[""Encryption Downgrade""]"
DRF00716,Control-79,CRITICAL,93.0,PCI DSS 3.5,"[""Encryption Downgrade""]"
DRF00902,Control-71,HIGH,84.99,CIS Controls 4.1,"[""Cloud Security Policy Removed""]"
DRF00902,Control-71,HIGH,84.99,NIST CM-3,"[""Cloud Security Policy Removed""]"
DRF00902,Control-71,HIGH,84.99,PCI DSS 6.5.1,"[""Cloud Security Policy Removed""]"
DRF00870,Control-87,MEDIUM,60.95,CIS Controls 10.1,"[""Endpoint Protection Disabled""]"
DRF00870,Control-87,MEDIUM,60.95,NIST SI-3,"[""Endpoint Protection Disabled""]"
DRF00870,Control-87,MEDIUM,60.95,PCI DSS 5.2,"[""Endpoint Protection Disabled""]"
DRF00927,Control-62,CRITICAL,93.0,CIS Controls 3.11,"[""Encryption Downgrade""]"
DRF00927,Control-62,CRITICAL,93.0,GDPR Article 32,"[""Encryption Downgrade""]"
DRF00927,Control-62,CRITICAL,93.0,NIST SC-13,"[""Encryption Downgrade""]"
DRF00927,Control-62,CRITICAL,93.0,PCI DSS 3.5,"[""Encryption Downgrade""]"
DRF00685,Control-89,HIGH,78.78,CIS Controls 4.1,"[""Cloud Security Policy Removed""]"
DRF00685,Control-89,HIGH,78.78,NIST CM-3,"[""Cloud Security Policy Removed""]"
DRF00685,Control-89,HIGH,78.78,PCI DSS 6.5.1,"[""Cloud Security Policy Removed""]"
DRF00703,Control-1,CRITICAL,93.0,CIS Controls 3.11,"[""Encryption Downgrade""]"
DRF00703,Control-1,CRITICAL,93.0,GDPR Article 32,"[""Encryption Downgrade""]"
DRF00703,Control-1,CRITICAL,93.0,NIST SC-13,"[""Encryption Downgrade""]"
DRF00703,Control-1,CRITICAL,93.0,PCI DSS 3.5,"[""Encryption Downgrade""]"
DRF00820,Control-54,HIGH,74.08,CIS Controls 10.1,"[""Endpoint Protection Disabled""]"
DRF00820,Control-54,HIGH,74.08,NIST SI-3,"[""Endpoint Protection Disabled""]"
DRF00820,Control-54,HIGH,74.08,PCI DSS 5.2,"[""Endpoint Protection Disabled""]"
DRF00681,Control-97,CRITICAL,93.0,CIS Controls 3.11,"[""Encryption Downgrade""]"
DRF00681,Control-97,CRITICAL,93.0,GDPR Article 32,"[""Encryption Downgrade""]"
DRF00681,Control-97,CRITICAL,93.0,NIST SC-13,"[""Encryption Downgrade""]"
DRF00681,Control-97,CRITICAL,93.0,PCI DSS 3.5,"[""Encryption Downgrade""]"
DRF00697,Control-78,CRITICAL,93.0,CIS Controls 3.11,"[""Encryption Downgrade""]"
DRF00697,Control-78,CRITICAL,93.0,GDPR Article 32,"[""Encryption Downgrade""]"
DRF00697,Control-78,CRITICAL,93.0,NIST SC-13,"[""Encryption Downgrade""]"
DRF00697,Control-78,CRITICAL,93.0,PCI DSS 3.5,"[""Encryption Downgrade""]"
DRF00733,Control-90,HIGH,65.42,CIS Controls 3.13,"[""DLP Rule Removed""]"
DRF00733,Control-90,HIGH,65.42,GDPR Article 32,"[""DLP Rule Removed""]"
DRF00733,Control-90,HIGH,65.42,NIST SI-4,"[""DLP Rule Removed""]"
DRF00733,Control-90,HIGH,65.42,PCI DSS 12.3,"[""DLP Rule Removed""]"
DRF00567,Control-30,CRITICAL,92.0,CIS Controls 8.2,"[""Audit Logging Disabled""]"
DRF00567,Control-30,CRITICAL,92.0,NIST AU-2,"[""Audit Logging Disabled""]"
DRF00567,Control-30,CRITICAL,92.0,NIST AU-6,"[""Audit Logging Disabled""]"
DRF00567,Control-30,CRITICAL,92.0,PCI DSS 10.2,"[""Audit Logging Disabled""]"
DRF00619,Control-42,CRITICAL,92.0,CIS Controls 8.2,"[""Audit Logging Disabled""]"
DRF00619,Control-42,CRITICAL,92.0,NIST AU-2,"[""Audit Logging Disabled""]"
DRF00619,Control-42,CRITICAL,92.0,NIST AU-6,"[""Audit Logging Disabled""]"
DRF00619,Control-42,CRITICAL,92.0,PCI DSS 10.2,"[""Audit Logging Disabled""]"
DRF00626,Control-97,MEDIUM,60.48,CIS Controls 3.13,"[""DLP Rule Removed""]"
DRF00626,Control-97,MEDIUM,60.48,GDPR Article 32,"[""DLP Rule Removed""]"
DRF00626,Control-97,MEDIUM,60.48,NIST SI-4,"[""DLP Rule Removed""]"
DRF00626,Control-97,MEDIUM,60.48,PCI DSS 12.3,"[""DLP Rule Removed""]"
DRF00979,Control-3,CRITICAL,92.0,CIS Controls 8.2,"[""Audit Logging Disabled""]"
DRF00979,Control-3,CRITICAL,92.0,NIST AU-2,"[""Audit Logging Disabled""]"
DRF00979,Control-3,CRITICAL,92.0,NIST AU-6,"[""Audit Logging Disabled""]"
DRF00979,Control-3,CRITICAL,92.0,PCI DSS 10.2,"[""Audit Logging Disabled""]"
DRF00865,Control-80,HIGH,77.35,CIS Controls 4.1,"[""Cloud Security Policy Removed""]"
DRF00865,Control-80,HIGH,77.35,NIST CM-3,"[""Cloud Security Policy Removed""]"
DRF00865,Control-80,HIGH,77.35,PCI DSS 6.5.1,"[""Cloud Security Policy Removed""]"
DRF00842,Control-82,CRITICAL,92.0,CIS Controls 8.2,"[""Audit Logging Disabled""]"
DRF00842,Control-82,CRITICAL,92.0,NIST AU-2,"[""Audit Logging Disabled""]"
DRF00842,Control-82,CRITICAL,92.0,NIST AU-6,"[""Audit Logging Disabled""]"
DRF00842,Control-82,CRITICAL,92.0,PCI DSS 10.2,"[""Audit Logging Disabled""]"
DRF00771,Control-44,CRITICAL,93.0,CIS Controls 3.11,"[""Encryption Downgrade""]"
DRF00771,Control-44,CRITICAL,93.0,GDPR Article 32,"[""Encryption Downgrade""]"
DRF00771,Control-44,CRITICAL,93.0,NIST SC-13,"[""Encryption Downgrade""]"
DRF00771,Control-44,CRITICAL,93.0,PCI DSS 3.5,"[""Encryption Downgrade""]"
DRF00769,Control-82,CRITICAL,93.0,CIS Controls 3.11,"[""Encryption Downgrade""]"
DRF00769,Control-82,CRITICAL,93.0,GDPR Article 32,"[""Encryption Downgrade""]"
DRF00769,Control-82,CRITICAL,93.0,NIST SC-13,"[""Encryption Downgrade""]"
DRF00769,Control-82,CRITICAL,93.0,PCI DSS 3.5,"[""Encryption Downgrade""]"
DRF00945,Control-71,HIGH,72.82,CIS Controls 10.1,"[""Endpoint Protection Disabled""]"
DRF00945,Control-71,HIGH,72.82,NIST SI-3,"[""Endpoint Protection Disabled""]"
DRF00945,Control-71,HIGH,72.82,PCI DSS 5.2,"[""Endpoint Protection Disabled""]"
DRF00589,Control-18,HIGH,67.06,CIS Controls 10.1,"[""Endpoint Protection Disabled""]"
DRF00589,Control-18,HIGH,67.06,NIST SI-3,"[""Endpoint Protection Disabled""]"
DRF00589,Control-18,HIGH,67.06,PCI DSS 5.2,"[""Endpoint Protection Disabled""]"
DRF00541,Control-71,HIGH,71.67,CIS Controls 4.1,"[""Cloud Security Policy Removed""]"
DRF00541,Control-71,HIGH,71.67,NIST CM-3,"[""Cloud Security Policy Removed""]"
DRF00541,Control-71,HIGH,71.67,PCI DSS 6.5.1,"[""Cloud Security Policy Removed""]"
DRF00657,Control-94,HIGH,70.51,CIS Controls 3.13,"[""DLP Rule Removed""]"
DRF00657,Control-94,HIGH,70.51,GDPR Article 32,"[""DLP Rule Removed""]"
DRF00657,Control-94,HIGH,70.51,NIST SI-4,"[""DLP Rule Removed""]"
DRF00657,Control-94,HIGH,70.51,PCI DSS 12.3,"[""DLP Rule Removed""]"
DRF00896,Control-88,CRITICAL,92.0,CIS Controls 8.2,"[""Audit Logging Disabled""]"
DRF00896,Control-88,CRITICAL,92.0,NIST AU-2,"[""Audit Logging Disabled""]"
DRF00896,Control-88,CRITICAL,92.0,NIST AU-6,"[""Audit Logging Disabled""]"
DRF00896,Control-88,CRITICAL,92.0,PCI DSS 10.2,"[""Audit Logging Disabled""]"
DRF00702,Control-14,CRITICAL,93.0,CIS Controls 3.11,"[""Encryption Downgrade""]"
DRF00702,Control-14,CRITICAL,93.0,GDPR Article 32,"[""Encryption Downgrade""]"
DRF00702,Control-14,CRITICAL,93.0,NIST SC-13,"[""Encryption Downgrade""]"
DRF00702,Control-14,CRITICAL,93.0,PCI DSS 3.5,"[""Encryption Downgrade""]"
DRF00857,Control-47,CRITICAL,93.0,CIS Controls 3.11,"[""Encryption Downgrade""]"
DRF00857,Control-47,CRITICAL,93.0,GDPR Article 32,"[""Encryption Downgrade""]"
DRF00857,Control-47,CRITICAL,93.0,NIST SC-13,"[""Encryption Downgrade""]"
DRF00857,Control-47,CRITICAL,93.0,PCI DSS 3.5,"[""Encryption Downgrade""]"
DRF00785,Control-27,HIGH,76.03,CIS Controls 3.13,"[""DLP Rule Removed""]"
DRF00785,Control-27,HIGH,76.03,GDPR Article 32,"[""DLP Rule Removed""]"
DRF00785,Control-27,HIGH,76.03,NIST SI-4,"[""DLP Rule Removed""]"
DRF00785,Control-27,HIGH,76.03,PCI DSS 12.3,"[""DLP Rule Removed""]"
DRF00767,Control-40,HIGH,84.63,CIS Controls 10.1,"[""Endpoint Protection Disabled""]"
DRF00767,Control-40,HIGH,84.63,NIST SI-3,"[""Endpoint Protection Disabled""]"
DRF00767,Control-40,HIGH,84.63,PCI DSS 5.2,"[""Endpoint Protection Disabled""]"
DRF00558,Control-79,HIGH,76.39,CIS Controls 4.1,"[""Cloud Security Policy Removed""]"
DRF00558,Control-79,HIGH,76.39,NIST CM-3,"[""Cloud Security Policy Removed""]"
DRF00558,Control-79,HIGH,76.39,PCI DSS 6.5.1,"[""Cloud Security Policy Removed""]"
DRF00516,Control-97,HIGH,78.42,CIS Controls 10.1,"[""Endpoint Protection Disabled""]"
DRF00516,Control-97,HIGH,78.42,NIST SI-3,"[""Endpoint Protection Disabled""]"
DRF00516,Control-97,HIGH,78.42,PCI DSS 5.2,"[""Endpoint Protection Disabled""]"
DRF00606,Control-76,CRITICAL,93.0,CIS Controls 3.11,"[""Encryption Downgrade""]"
DRF00606,Control-76,CRITICAL,93.0,GDPR Article 32,"[""Encryption Downgrade""]"
DRF00606,Control-76,CRITICAL,93.0,NIST SC-13,"[""Encryption Downgrade""]"
DRF00606,Control-76,CRITICAL,93.0,PCI DSS 3.5,"[""Encryption Downgrade""]"
DRF00982,Control-35,HIGH,74.97,CIS Controls 4.1,"[""Cloud Security Policy Removed""]"
DRF00982,Control-35,HIGH,74.97,NIST CM-3,"[""Cloud Security Policy Removed""]"
DRF00982,Control-35,HIGH,74.97,PCI DSS 6.5.1,"[""Cloud Security Policy Removed""]"
DRF00826,Control-45,HIGH,65.37,CIS Controls 4.1,"[""Cloud Security Policy Removed""]"
DRF00826,Control-45,HIGH,65.37,NIST CM-3,"[""Cloud Security Policy Removed""]"
DRF00826,Control-45,HIGH,65.37,PCI DSS 6.5.1,"[""Cloud Security Policy Removed""]"
DRF00523,Control-46,HIGH,82.26,CIS Controls 3.13,"[""DLP Rule Removed""]"
DRF00523,Control-46,HIGH,82.26,GDPR Article 32,"[""DLP Rule Removed""]"
DRF00523,Control-46,HIGH,82.26,NIST SI-4,"[""DLP Rule Removed""]"
DRF00523,Control-46,HIGH,82.26,PCI DSS 12.3,"[""DLP Rule Removed""]"
DRF00596,Control-98,HIGH,81.73,CIS Controls 10.1,"[""Endpoint Protection Disabled""]"
DRF00596,Control-98,HIGH,81.73,NIST SI-3,"[""Endpoint Protection Disabled""]"
DRF00596,Control-98,HIGH,81.73,PCI DSS 5.2,"[""Endpoint Protection Disabled""]"
DRF00691,Control-33,CRITICAL,89.61,CIS Controls 10.1,"[""Endpoint Protection Disabled""]"
DRF00691,Control-33,CRITICAL,89.61,NIST SI-3,"[""Endpoint Protection Disabled""]"
DRF00691,Control-33,CRITICAL,89.61,PCI DSS 5.2,"[""Endpoint Protection Disabled""]"
DRF00961,Control-88,HIGH,73.18,CIS Controls 3.13,"[""DLP Rule Removed""]"
DRF00961,Control-88,HIGH,73.18,GDPR Article 32,"[""DLP Rule Removed""]"
DRF00961,Control-88,HIGH,73.18,NIST SI-4,"[""DLP Rule Removed""]"
DRF00961,Control-88,HIGH,73.18,PCI DSS 12.3,"[""DLP Rule Removed""]"
DRF00547,Control-53,MEDIUM,62.59,CIS Controls 4.1,"[""Cloud Security Policy Removed""]"
DRF00547,Control-53,MEDIUM,62.59,NIST CM-3,"[""Cloud Security Policy Removed""]"
DRF00547,Control-53,MEDIUM,62.59,PCI DSS 6.5.1,"[""Cloud Security Policy Removed""]"
DRF00770,Control-41,HIGH,68.41,CIS Controls 10.1,"[""Endpoint Protection Disabled""]"
DRF00770,Control-41,HIGH,68.41,NIST SI-3,"[""Endpoint Protection Disabled""]"
DRF00770,Control-41,HIGH,68.41,PCI DSS 5.2,"[""Endpoint Protection Disabled""]"
DRF00737,Control-60,CRITICAL,92.0,CIS Controls 8.2,"[""Audit Logging Disabled""]"
DRF00737,Control-60,CRITICAL,92.0,NIST AU-2,"[""Audit Logging Disabled""]"
DRF00737,Control-60,CRITICAL,92.0,NIST AU-6,"[""Audit Logging Disabled""]"
DRF00737,Control-60,CRITICAL,92.0,PCI DSS 10.2,"[""Audit Logging Disabled""]"
DRF00900,Control-40,HIGH,79.61,CIS Controls 10.1,"[""Endpoint Protection Disabled""]"
DRF00900,Control-40,HIGH,79.61,NIST SI-3,"[""Endpoint Protection Disabled""]"
DRF00900,Control-40,HIGH,79.61,PCI DSS 5.2,"[""Endpoint Protection Disabled""]"
DRF00811,Control-70,CRITICAL,93.0,CIS Controls 3.11,"[""Encryption Downgrade""]"
DRF00811,Control-70,CRITICAL,93.0,GDPR Article 32,"[""Encryption Downgrade""]"
DRF00811,Control-70,CRITICAL,93.0,NIST SC-13,"[""Encryption Downgrade""]"
DRF00811,Control-70,CRITICAL,93.0,PCI DSS 3.5,"[""Encryption Downgrade""]"
DRF00793,Control-70,CRITICAL,93.0,CIS Controls 3.11,"[""Encryption Downgrade""]"
DRF00793,Control-70,CRITICAL,93.0,GDPR Article 32,"[""Encryption Downgrade""]"
DRF00793,Control-70,CRITICAL,93.0,NIST SC-13,"[""Encryption Downgrade""]"
DRF00793,Control-70,CRITICAL,93.0,PCI DSS 3.5,"[""Encryption Downgrade""]"
DRF00812,Control-11,CRITICAL,93.0,CIS Controls 3.11,"[""Encryption Downgrade""]"
DRF00812,Control-11,CRITICAL,93.0,GDPR Article 32,"[""Encryption Downgrade""]"
DRF00812,Control-11,CRITICAL,93.0,NIST SC-13,"[""Encryption Downgrade""]"
DRF00812,Control-11,CRITICAL,93.0,PCI DSS 3.5,"[""Encryption Downgrade""]"
DRF00624,Control-97,CRITICAL,92.0,CIS Controls 8.2,"[""Audit Logging Disabled""]"
DRF00624,Control-97,CRITICAL,92.0,NIST AU-2,"[""Audit Logging Disabled""]"
DRF00624,Control-97,CRITICAL,92.0,NIST AU-6,"[""Audit Logging Disabled""]"
DRF00624,Control-97,CRITICAL,92.0,PCI DSS 10.2,"[""Audit Logging Disabled""]"
DRF00583,Control-98,CRITICAL,92.0,CIS Controls 8.2,"[""Audit Logging Disabled""]"
DRF00583,Control-98,CRITICAL,92.0,NIST AU-2,"[""Audit Logging Disabled""]"
DRF00583,Control-98,CRITICAL,92.0,NIST AU-6,"[""Audit Logging Disabled""]"
DRF00583,Control-98,CRITICAL,92.0,PCI DSS 10.2,"[""Audit Logging Disabled""]"
DRF00952,Control-5,CRITICAL,92.0,CIS Controls 8.2,"[""Audit Logging Disabled""]"
DRF00952,Control-5,CRITICAL,92.0,NIST AU-2,"[""Audit Logging Disabled""]"
DRF00952,Control-5,CRITICAL,92.0,NIST AU-6,"[""Audit Logging Disabled""]"
DRF00952,Control-5,CRITICAL,92.0,PCI DSS 10.2,"[""Audit Logging Disabled""]"
DRF00833,Control-89,HIGH,72.74,CIS Controls 3.13,"[""DLP Rule Removed""]"
DRF00833,Control-89,HIGH,72.74,GDPR Article 32,"[""DLP Rule Removed""]"
DRF00833,Control-89,HIGH,72.74,NIST SI-4,"[""DLP Rule Removed""]"
DRF00833,Control-89,HIGH,72.74,PCI DSS 12.3,"[""DLP Rule Removed""]"
DRF00755,Control-38,CRITICAL,92.0,CIS Controls 8.2,"[""Audit Logging Disabled""]"
DRF00755,Control-38,CRITICAL,92.0,NIST AU-2,"[""Audit Logging Disabled""]"
DRF00755,Control-38,CRITICAL,92.0,NIST AU-6,"[""Audit Logging Disabled""]"
DRF00755,Control-38,CRITICAL,92.0,PCI DSS 10.2,"[""Audit Logging Disabled""]"
DRF00836,Control-90,CRITICAL,85.32,CIS Controls 10.1,"[""Endpoint Protection Disabled""]"
DRF00836,Control-90,CRITICAL,85.32,NIST SI-3,"[""Endpoint Protection Disabled""]"
DRF00836,Control-90,CRITICAL,85.32,PCI DSS 5.2,"[""Endpoint Protection Disabled""]"
DRF00922,Control-81,HIGH,68.69,CIS Controls 10.1,"[""Endpoint Protection Disabled""]"
DRF00922,Control-81,HIGH,68.69,NIST SI-3,"[""Endpoint Protection Disabled""]"
DRF00922,Control-81,HIGH,68.69,PCI DSS 5.2,"[""Endpoint Protection Disabled""]"
DRF00648,Control-66,HIGH,80.91,CIS Controls 3.13,"[""DLP Rule Removed""]"
DRF00648,Control-66,HIGH,80.91,GDPR Article 32,"[""DLP Rule Removed""]"
DRF00648,Control-66,HIGH,80.91,NIST SI-4,"[""DLP Rule Removed""]"
DRF00648,Control-66,HIGH,80.91,PCI DSS 12.3,"[""DLP Rule Removed""]"
DRF00856,Control-63,CRITICAL,93.0,CIS Controls 3.11,"[""Encryption Downgrade""]"
DRF00856,Control-63,CRITICAL,93.0,GDPR Article 32,"[""Encryption Downgrade""]"
DRF00856,Control-63,CRITICAL,93.0,NIST SC-13,"[""Encryption Downgrade""]"
DRF00856,Control-63,CRITICAL,93.0,PCI DSS 3.5,"[""Encryption Downgrade""]"
DRF00556,Control-39,HIGH,74.61,CIS Controls 10.1,"[""Endpoint Protection Disabled""]"
DRF00556,Control-39,HIGH,74.61,NIST SI-3,"[""Endpoint Protection Disabled""]"
DRF00556,Control-39,HIGH,74.61,PCI DSS 5.2,"[""Endpoint Protection Disabled""]"
DRF00772,Control-66,HIGH,83.88,CIS Controls 4.1,"[""Cloud Security Policy Removed""]"
DRF00772,Control-66,HIGH,83.88,NIST CM-3,"[""Cloud Security Policy Removed""]"
DRF00772,Control-66,HIGH,83.88,PCI DSS 6.5.1,"[""Cloud Security Policy Removed""]"
DRF00997,Control-44,HIGH,70.45,CIS Controls 4.1,"[""Cloud Security Policy Removed""]"
DRF00997,Control-44,HIGH,70.45,NIST CM-3,"[""Cloud Security Policy Removed""]"
DRF00997,Control-44,HIGH,70.45,PCI DSS 6.5.1,"[""Cloud Security Policy Removed""]"
DRF00819,Control-95,CRITICAL,92.0,CIS Controls 8.2,"[""Audit Logging Disabled""]"
DRF00819,Control-95,CRITICAL,92.0,NIST AU-2,"[""Audit Logging Disabled""]"
DRF00819,Control-95,CRITICAL,92.0,NIST AU-6,"[""Audit Logging Disabled""]"
DRF00819,Control-95,CRITICAL,92.0,PCI DSS 10.2,"[""Audit Logging Disabled""]"
DRF00577,Control-58,CRITICAL,93.0,CIS Controls 3.11,"[""Encryption Downgrade""]"
DRF00577,Control-58,CRITICAL,93.0,GDPR Article 32,"[""Encryption Downgrade""]"
DRF00577,Control-58,CRITICAL,93.0,NIST SC-13,"[""Encryption Downgrade""]"
DRF00577,Control-58,CRITICAL,93.0,PCI DSS 3.5,"[""Encryption Downgrade""]"
DRF00999,Control-61,CRITICAL,95.0,CIS Controls 8.2,"[""Audit Logging Disabled""]"
DRF00999,Control-61,CRITICAL,95.0,NIST AU-2,"[""Audit Logging Disabled""]"
DRF00999,Control-61,CRITICAL,95.0,NIST AU-6,"[""Audit Logging Disabled""]"
DRF00999,Control-61,CRITICAL,95.0,PCI DSS 10.2,"[""Audit Logging Disabled""]"
DRF00757,Control-59,HIGH,80.55,CIS Controls 3.13,"[""DLP Rule Removed""]"
DRF00757,Control-59,HIGH,80.55,GDPR Article 32,"[""DLP Rule Removed""]"
DRF00757,Control-59,HIGH,80.55,NIST SI-4,"[""DLP Rule Removed""]"
DRF00757,Control-59,HIGH,80.55,PCI DSS 12.3,"[""DLP Rule Removed""]"
DRF00639,Control-79,CRITICAL,92.0,CIS Controls 8.2,"[""Audit Logging Disabled""]"
DRF00639,Control-79,CRITICAL,92.0,NIST AU-2,"[""Audit Logging Disabled""]"
DRF00639,Control-79,CRITICAL,92.0,NIST AU-6,"[""Audit Logging Disabled""]"
DRF00639,Control-79,CRITICAL,92.0,PCI DSS 10.2,"[""Audit Logging Disabled""]"
DRF00985,Control-45,CRITICAL,93.0,CIS Controls 3.11,"[""Encryption Downgrade""]"
DRF00985,Control-45,CRITICAL,93.0,GDPR Article 32,"[""Encryption Downgrade""]"
DRF00985,Control-45,CRITICAL,93.0,NIST SC-13,"[""Encryption Downgrade""]"
DRF00985,Control-45,CRITICAL,93.0,PCI DSS 3.5,"[""Encryption Downgrade""]"
DRF00653,Control-64,HIGH,73.17,CIS Controls 4.1,"[""Cloud Security Policy Removed""]"
DRF00653,Control-64,HIGH,73.17,NIST CM-3,"[""Cloud Security Policy Removed""]"
DRF00653,Control-64,HIGH,73.17,PCI DSS 6.5.1,"[""Cloud Security Policy Removed""]"
DRF00509,Control-66,CRITICAL,93.0,CIS Controls 3.11,"[""Encryption Downgrade""]"
DRF00509,Control-66,CRITICAL,93.0,GDPR Article 32,"[""Encryption Downgrade""]"
DRF00509,Control-66,CRITICAL,93.0,NIST SC-13,"[""Encryption Downgrade""]"
DRF00509,Control-66,CRITICAL,93.0,PCI DSS 3.5,"[""Encryption Downgrade""]"
DRF00863,Control-39,HIGH,76.72,CIS Controls 10.1,"[""Endpoint Protection Disabled""]"
DRF00863,Control-39,HIGH,76.72,NIST SI-3,"[""Endpoint Protection Disabled""]"
DRF00863,Control-39,HIGH,76.72,PCI DSS 5.2,"[""Endpoint Protection Disabled""]"
DRF00970,Control-37,HIGH,77.05,CIS Controls 10.1,"[""Endpoint Protection Disabled""]"
DRF00970,Control-37,HIGH,77.05,NIST SI-3,"[""Endpoint Protection Disabled""]"
DRF00970,Control-37,HIGH,77.05,PCI DSS 5.2,"[""Endpoint Protection Disabled""]"
DRF00808,Control-85,CRITICAL,93.0,CIS Controls 3.11,"[""Encryption Downgrade""]"
DRF00808,Control-85,CRITICAL,93.0,GDPR Article 32,"[""Encryption Downgrade""]"
DRF00808,Control-85,CRITICAL,93.0,NIST SC-13,"[""Encryption Downgrade""]"
DRF00808,Control-85,CRITICAL,93.0,PCI DSS 3.5,"[""Encryption Downgrade""]"
DRF00705,Control-33,CRITICAL,93.0,CIS Controls 3.11,"[""Encryption Downgrade""]"
DRF00705,Control-33,CRITICAL,93.0,GDPR Article 32,"[""Encryption Downgrade""]"
DRF00705,Control-33,CRITICAL,93.0,NIST SC-13,"[""Encryption Downgrade""]"
DRF00705,Control-33,CRITICAL,93.0,PCI DSS 3.5,"[""Encryption Downgrade""]"
DRF00797,Control-2,CRITICAL,93.0,CIS Controls 3.11,"[""Encryption Downgrade""]"
DRF00797,Control-2,CRITICAL,93.0,GDPR Article 32,"[""Encryption Downgrade""]"
DRF00797,Control-2,CRITICAL,93.0,NIST SC-13,"[""Encryption Downgrade""]"
DRF00797,Control-2,CRITICAL,93.0,PCI DSS 3.5,"[""Encryption Downgrade""]"
DRF00726,Control-76,HIGH,82.9,CIS Controls 3.13,"[""DLP Rule Removed""]"
DRF00726,Control-76,HIGH,82.9,GDPR Article 32,"[""DLP Rule Removed""]"
DRF00726,Control-76,HIGH,82.9,NIST SI-4,"[""DLP Rule Removed""]"
DRF00726,Control-76,HIGH,82.9,PCI DSS 12.3,"[""DLP Rule Removed""]"
DRF00876,Control-50,HIGH,78.09,CIS Controls 10.1,"[""Endpoint Protection Disabled""]"
DRF00876,Control-50,HIGH,78.09,NIST SI-3,"[""Endpoint Protection Disabled""]"
DRF00876,Control-50,HIGH,78.09,PCI DSS 5.2,"[""Endpoint Protection Disabled""]"
DRF00994,Control-65,CRITICAL,93.0,CIS Controls 3.11,"[""Encryption Downgrade""]"
DRF00994,Control-65,CRITICAL,93.0,GDPR Article 32,"[""Encryption Downgrade""]"
DRF00994,Control-65,CRITICAL,93.0,NIST SC-13,"[""Encryption Downgrade""]"
DRF00994,Control-65,CRITICAL,93.0,PCI DSS 3.5,"[""Encryption Downgrade""]"
DRF00501,Control-11,HIGH,79.22,CIS Controls 3.13,"[""DLP Rule Removed""]"
DRF00501,Control-11,HIGH,79.22,GDPR Article 32,"[""DLP Rule Removed""]"
DRF00501,Control-11,HIGH,79.22,NIST SI-4,"[""DLP Rule Removed""]"
DRF00501,Control-11,HIGH,79.22,PCI DSS 12.3,"[""DLP Rule Removed""]"
DRF00998,Control-93,CRITICAL,93.0,CIS Controls 3.11,"[""Encryption Downgrade""]"
DRF00998,Control-93,CRITICAL,93.0,GDPR Article 32,"[""Encryption Downgrade""]"
DRF00998,Control-93,CRITICAL,93.0,NIST SC-13,"[""Encryption Downgrade""]"
DRF00998,Control-93,CRITICAL,93.0,PCI DSS 3.5,"[""Encryption Downgrade""]"
DRF00584,Control-21,CRITICAL,92.0,CIS Controls 8.2,"[""Audit Logging Disabled""]"
DRF00584,Control-21,CRITICAL,92.0,NIST AU-2,"[""Audit Logging Disabled""]"
DRF00584,Control-21,CRITICAL,92.0,NIST AU-6,"[""Audit Logging Disabled""]"
DRF00584,Control-21,CRITICAL,92.0,PCI DSS 10.2,"[""Audit Logging Disabled""]"
DRF00843,Control-18,CRITICAL,92.0,CIS Controls 8.2,"[""Audit Logging Disabled""]"
DRF00843,Control-18,CRITICAL,92.0,NIST AU-2,"[""Audit Logging Disabled""]"
DRF00843,Control-18,CRITICAL,92.0,NIST AU-6,"[""Audit Logging Disabled""]"
DRF00843,Control-18,CRITICAL,92.0,PCI DSS 10.2,"[""Audit Logging Disabled""]"
DRF00810,Control-88,CRITICAL,93.0,CIS Controls 3.11,"[""Encryption Downgrade""]"
DRF00810,Control-88,CRITICAL,93.0,GDPR Article 32,"[""Encryption Downgrade""]"
DRF00810,Control-88,CRITICAL,93.0,NIST SC-13,"[""Encryption Downgrade""]"
DRF00810,Control-88,CRITICAL,93.0,PCI DSS 3.5,"[""Encryption Downgrade""]"
DRF00950,Control-42,HIGH,77.04,CIS Controls 10.1,"[""Endpoint Protection Disabled""]"
DRF00950,Control-42,HIGH,77.04,NIST SI-3,"[""Endpoint Protection Disabled""]"
DRF00950,Control-42,HIGH,77.04,PCI DSS 5.2,"[""Endpoint Protection Disabled""]"
DRF00520,Control-37,CRITICAL,92.0,CIS Controls 8.2,"[""Audit Logging Disabled""]"
DRF00520,Control-37,CRITICAL,92.0,NIST AU-2,"[""Audit Logging Disabled""]"
DRF00520,Control-37,CRITICAL,92.0,NIST AU-6,"[""Audit Logging Disabled""]"
DRF00520,Control-37,CRITICAL,92.0,PCI DSS 10.2,"[""Audit Logging Disabled""]"
DRF00906,Control-39,HIGH,84.99,CIS Controls 3.13,"[""DLP Rule Removed""]"
DRF00906,Control-39,HIGH,84.99,GDPR Article 32,"[""DLP Rule Removed""]"
DRF00906,Control-39,HIGH,84.99,NIST SI-4,"[""DLP Rule Removed""]"
DRF00906,Control-39,HIGH,84.99,PCI DSS 12.3,"[""DLP Rule Removed""]"
DRF00828,Control-18,CRITICAL,93.0,CIS Controls 8.2,"[""Audit Logging Disabled""]"
DRF00828,Control-18,CRITICAL,93.0,NIST AU-2,"[""Audit Logging Disabled""]"
DRF00828,Control-18,CRITICAL,93.0,NIST AU-6,"[""Audit Logging Disabled""]"
DRF00828,Control-18,CRITICAL,93.0,PCI DSS 10.2,"[""Audit Logging Disabled""]"
DRF00739,Control-59,HIGH,77.42,CIS Controls 10.1,"[""Endpoint Protection Disabled""]"
DRF00739,Control-59,HIGH,77.42,NIST SI-3,"[""Endpoint Protection Disabled""]"
DRF00739,Control-59,HIGH,77.42,PCI DSS 5.2,"[""Endpoint Protection Disabled""]"
DRF00899,Control-73,CRITICAL,93.0,CIS Controls 3.11,"[""Encryption Downgrade""]"
DRF00899,Control-73,CRITICAL,93.0,GDPR Article 32,"[""Encryption Downgrade""]"
DRF00899,Control-73,CRITICAL,93.0,NIST SC-13,"[""Encryption Downgrade""]"
DRF00899,Control-73,CRITICAL,93.0,PCI DSS 3.5,"[""Encryption Downgrade""]"
DRF00914,Control-27,HIGH,84.99,CIS Controls 10.1,"[""Endpoint Protection Disabled""]"
DRF00914,Control-27,HIGH,84.99,NIST SI-3,"[""Endpoint Protection Disabled""]"
DRF00914,Control-27,HIGH,84.99,PCI DSS 5.2,"[""Endpoint Protection Disabled""]"
DRF00714,Control-26,HIGH,75.57,CIS Controls 10.1,"[""Endpoint Protection Disabled""]"
DRF00714,Control-26,HIGH,75.57,NIST SI-3,"[""Endpoint Protection Disabled""]"
DRF00714,Control-26,HIGH,75.57,PCI DSS 5.2,"[""Endpoint Protection Disabled""]"
DRF00996,Control-59,CRITICAL,92.0,CIS Controls 8.2,"[""Audit Logging Disabled""]"
DRF00996,Control-59,CRITICAL,92.0,NIST AU-2,"[""Audit Logging Disabled""]"
DRF00996,Control-59,CRITICAL,92.0,NIST AU-6,"[""Audit Logging Disabled""]"
DRF00996,Control-59,CRITICAL,92.0,PCI DSS 10.2,"[""Audit Logging Disabled""]"
DRF00884,Control-13,CRITICAL,93.0,CIS Controls 3.11,"[""Encryption Downgrade""]"
DRF00884,Control-13,CRITICAL,93.0,GDPR Article 32,"[""Encryption Downgrade""]"
DRF00884,Control-13,CRITICAL,93.0,NIST SC-13,"[""Encryption Downgrade""]"
DRF00884,Control-13,CRITICAL,93.0,PCI DSS 3.5,"[""Encryption Downgrade""]"
DRF00725,Control-80,CRITICAL,93.0,CIS Controls 3.11,"[""Encryption Downgrade""]"
DRF00725,Control-80,CRITICAL,93.0,GDPR Article 32,"[""Encryption Downgrade""]"
DRF00725,Control-80,CRITICAL,93.0,NIST SC-13,"[""Encryption Downgrade""]"
DRF00725,Control-80,CRITICAL,93.0,PCI DSS 3.5,"[""Encryption Downgrade""]"
DRF00794,Control-58,HIGH,66.1,CIS Controls 10.1,"[""Endpoint Protection Disabled""]"
DRF00794,Control-58,HIGH,66.1,NIST SI-3,"[""Endpoint Protection Disabled""]"
DRF00794,Control-58,HIGH,66.1,PCI DSS 5.2,"[""Endpoint Protection Disabled""]"
DRF00964,Control-81,CRITICAL,93.0,CIS Controls 3.11,"[""Encryption Downgrade""]"
DRF00964,Control-81,CRITICAL,93.0,GDPR Article 32,"[""Encryption Downgrade""]"
DRF00964,Control-81,CRITICAL,93.0,NIST SC-13,"[""Encryption Downgrade""]"
DRF00964,Control-81,CRITICAL,93.0,PCI DSS 3.5,"[""Encryption Downgrade""]"
DRF00178,Control-87,CRITICAL,93.0,CIS Controls 3.11,"[""Encryption Downgrade""]"
DRF00178,Control-87,CRITICAL,93.0,GDPR Article 32,"[""Encryption Downgrade""]"
DRF00178,Control-87,CRITICAL,93.0,NIST SC-13,"[""Encryption Downgrade""]"
DRF00178,Control-87,CRITICAL,93.0,PCI DSS 3.5,"[""Encryption Downgrade""]"
DRF00462,Control-53,CRITICAL,92.0,CIS Controls 8.2,"[""Audit Logging Disabled""]"
DRF00462,Control-53,CRITICAL,92.0,NIST AU-2,"[""Audit Logging Disabled""]"
DRF00462,Control-53,CRITICAL,92.0,NIST AU-6,"[""Audit Logging Disabled""]"
DRF00462,Control-53,CRITICAL,92.0,PCI DSS 10.2,"[""Audit Logging Disabled""]"
DRF00222,Control-57,HIGH,76.47,CIS Controls 3.13,"[""DLP Rule Removed""]"
DRF00222,Control-57,HIGH,76.47,GDPR Article 32,"[""DLP Rule Removed""]"
DRF00222,Control-57,HIGH,76.47,NIST SI-4,"[""DLP Rule Removed""]"
DRF00222,Control-57,HIGH,76.47,PCI DSS 12.3,"[""DLP Rule Removed""]"
DRF00080,Control-80,CRITICAL,93.0,CIS Controls 3.11,"[""Encryption Downgrade""]"
DRF00080,Control-80,CRITICAL,93.0,GDPR Article 32,"[""Encryption Downgrade""]"
DRF00080,Control-80,CRITICAL,93.0,NIST SC-13,"[""Encryption Downgrade""]"
DRF00080,Control-80,CRITICAL,93.0,PCI DSS 3.5,"[""Encryption Downgrade""]"
DRF00291,Control-22,CRITICAL,92.0,CIS Controls 8.2,"[""Audit Logging Disabled""]"
DRF00291,Control-22,CRITICAL,92.0,NIST AU-2,"[""Audit Logging Disabled""]"
DRF00291,Control-22,CRITICAL,92.0,NIST AU-6,"[""Audit Logging Disabled""]"
DRF00291,Control-22,CRITICAL,92.0,PCI DSS 10.2,"[""Audit Logging Disabled""]"
DRF00174,Control-34,HIGH,71.4,CIS Controls 3.13,"[""DLP Rule Removed""]"
DRF00174,Control-34,HIGH,71.4,GDPR Article 32,"[""DLP Rule Removed""]"
DRF00174,Control-34,HIGH,71.4,NIST SI-4,"[""DLP Rule Removed""]"
DRF00174,Control-34,HIGH,71.4,PCI DSS 12.3,"[""DLP Rule Removed""]"
DRF00379,Control-22,HIGH,73.17,CIS Controls 4.1,"[""Cloud Security Policy Removed""]"
DRF00379,Control-22,HIGH,73.17,NIST CM-3,"[""Cloud Security Policy Removed""]"
DRF00379,Control-22,HIGH,73.17,PCI DSS 6.5.1,"[""Cloud Security Policy Removed""]"
DRF00175,Control-34,HIGH,68.66,CIS Controls 10.1,"[""Endpoint Protection Disabled""]"
DRF00175,Control-34,HIGH,68.66,NIST SI-3,"[""Endpoint Protection Disabled""]"
DRF00175,Control-34,HIGH,68.66,PCI DSS 5.2,"[""Endpoint Protection Disabled""]"
DRF00016,Control-89,HIGH,74.83,CIS Controls 4.1,"[""Cloud Security Policy Removed""]"
DRF00016,Control-89,HIGH,74.83,NIST CM-3,"[""Cloud Security Policy Removed""]"
DRF00016,Control-89,HIGH,74.83,PCI DSS 6.5.1,"[""Cloud Security Policy Removed""]"
DRF00365,Control-54,HIGH,77.97,CIS Controls 4.1,"[""Cloud Security Policy Removed""]"
DRF00365,Control-54,HIGH,77.97,NIST CM-3,"[""Cloud Security Policy Removed""]"
DRF00365,Control-54,HIGH,77.97,PCI DSS 6.5.1,"[""Cloud Security Policy Removed""]"
DRF00052,Control-6,CRITICAL,92.0,CIS Controls 8.2,"[""Audit Logging Disabled""]"
DRF00052,Control-6,CRITICAL,92.0,NIST AU-2,"[""Audit Logging Disabled""]"
DRF00052,Control-6,CRITICAL,92.0,NIST AU-6,"[""Audit Logging Disabled""]"
DRF00052,Control-6,CRITICAL,92.0,PCI DSS 10.2,"[""Audit Logging Disabled""]"
DRF00058,Control-26,CRITICAL,92.0,CIS Controls 8.2,"[""Audit Logging Disabled""]"
DRF00058,Control-26,CRITICAL,92.0,NIST AU-2,"[""Audit Logging Disabled""]"
DRF00058,Control-26,CRITICAL,92.0,NIST AU-6,"[""Audit Logging Disabled""]"
DRF00058,Control-26,CRITICAL,92.0,PCI DSS 10.2,"[""Audit Logging Disabled""]"
DRF00288,Control-99,HIGH,68.84,CIS Controls 10.1,"[""Endpoint Protection Disabled""]"
DRF00288,Control-99,HIGH,68.84,NIST SI-3,"[""Endpoint Protection Disabled""]"
DRF00288,Control-99,HIGH,68.84,PCI DSS 5.2,"[""Endpoint Protection Disabled""]"
DRF00443,Control-35,HIGH,74.22,CIS Controls 4.1,"[""Cloud Security Policy Removed""]"
DRF00443,Control-35,HIGH,74.22,NIST CM-3,"[""Cloud Security Policy Removed""]"
DRF00443,Control-35,HIGH,74.22,PCI DSS 6.5.1,"[""Cloud Security Policy Removed""]"
DRF00342,Control-54,MEDIUM,64.59,CIS Controls 3.13,"[""DLP Rule Removed""]"
DRF00342,Control-54,MEDIUM,64.59,GDPR Article 32,"[""DLP Rule Removed""]"
DRF00342,Control-54,MEDIUM,64.59,NIST SI-4,"[""DLP Rule Removed""]"
DRF00342,Control-54,MEDIUM,64.59,PCI DSS 12.3,"[""DLP Rule Removed""]"
DRF00307,Control-17,CRITICAL,93.0,CIS Controls 3.11,"[""Encryption Downgrade""]"
DRF00307,Control-17,CRITICAL,93.0,GDPR Article 32,"[""Encryption Downgrade""]"
DRF00307,Control-17,CRITICAL,93.0,NIST SC-13,"[""Encryption Downgrade""]"
DRF00307,Control-17,CRITICAL,93.0,PCI DSS 3.5,"[""Encryption Downgrade""]"
DRF00280,Control-20,CRITICAL,93.0,CIS Controls 3.11,"[""Encryption Downgrade""]"
DRF00280,Control-20,CRITICAL,93.0,GDPR Article 32,"[""Encryption Downgrade""]"
DRF00280,Control-20,CRITICAL,93.0,NIST SC-13,"[""Encryption Downgrade""]"
DRF00280,Control-20,CRITICAL,93.0,PCI DSS 3.5,"[""Encryption Downgrade""]"
DRF00332,Control-88,HIGH,67.62,CIS Controls 10.1,"[""Endpoint Protection Disabled""]"
DRF00332,Control-88,HIGH,67.62,NIST SI-3,"[""Endpoint Protection Disabled""]"
DRF00332,Control-88,HIGH,67.62,PCI DSS 5.2,"[""Endpoint Protection Disabled""]"
DRF00389,Control-96,HIGH,81.49,CIS Controls 4.1,"[""Cloud Security Policy Removed""]"
DRF00389,Control-96,HIGH,81.49,NIST CM-3,"[""Cloud Security Policy Removed""]"
DRF00389,Control-96,HIGH,81.49,PCI DSS 6.5.1,"[""Cloud Security Policy Removed""]"
DRF00103,Control-26,CRITICAL,93.0,CIS Controls 3.11,"[""Encryption Downgrade""]"
DRF00103,Control-26,CRITICAL,93.0,GDPR Article 32,"[""Encryption Downgrade""]"
DRF00103,Control-26,CRITICAL,93.0,NIST SC-13,"[""Encryption Downgrade""]"
DRF00103,Control-26,CRITICAL,93.0,PCI DSS 3.5,"[""Encryption Downgrade""]"
DRF00091,Control-40,HIGH,70.76,CIS Controls 4.1,"[""Cloud Security Policy Removed""]"
DRF00091,Control-40,HIGH,70.76,NIST CM-3,"[""Cloud Security Policy Removed""]"
DRF00091,Control-40,HIGH,70.76,PCI DSS 6.5.1,"[""Cloud Security Policy Removed""]"
DRF00144,Control-8,CRITICAL,93.0,CIS Controls 3.11,"[""Encryption Downgrade""]"
DRF00144,Control-8,CRITICAL,93.0,GDPR Article 32,"[""Encryption Downgrade""]"
DRF00144,Control-8,CRITICAL,93.0,NIST SC-13,"[""Encryption Downgrade""]"
DRF00144,Control-8,CRITICAL,93.0,PCI DSS 3.5,"[""Encryption Downgrade""]"
DRF00065,Control-74,CRITICAL,92.0,CIS Controls 8.2,"[""Audit Logging Disabled""]"
DRF00065,Control-74,CRITICAL,92.0,NIST AU-2,"[""Audit Logging Disabled""]"
DRF00065,Control-74,CRITICAL,92.0,NIST AU-6,"[""Audit Logging Disabled""]"
DRF00065,Control-74,CRITICAL,92.0,PCI DSS 10.2,"[""Audit Logging Disabled""]"
DRF00139,Control-9,HIGH,83.73,CIS Controls 4.1,"[""Cloud Security Policy Removed""]"
DRF00139,Control-9,HIGH,83.73,NIST CM-3,"[""Cloud Security Policy Removed""]"
DRF00139,Control-9,HIGH,83.73,PCI DSS 6.5.1,"[""Cloud Security Policy Removed""]"
DRF00044,Control-34,CRITICAL,93.0,CIS Controls 3.11,"[""Encryption Downgrade""]"
DRF00044,Control-34,CRITICAL,93.0,GDPR Article 32,"[""Encryption Downgrade""]"
DRF00044,Control-34,CRITICAL,93.0,NIST SC-13,"[""Encryption Downgrade""]"
DRF00044,Control-34,CRITICAL,93.0,PCI DSS 3.5,"[""Encryption Downgrade""]"
DRF00403,Control-19,CRITICAL,93.0,CIS Controls 3.11,"[""Encryption Downgrade""]"
DRF00403,Control-19,CRITICAL,93.0,GDPR Article 32,"[""Encryption Downgrade""]"
DRF00403,Control-19,CRITICAL,93.0,NIST SC-13,"[""Encryption Downgrade""]"
DRF00403,Control-19,CRITICAL,93.0,PCI DSS 3.5,"[""Encryption Downgrade""]"
DRF00246,Control-98,HIGH,70.38,CIS Controls 3.13,"[""DLP Rule Removed""]"
DRF00246,Control-98,HIGH,70.38,GDPR Article 32,"[""DLP Rule Removed""]"
DRF00246,Control-98,HIGH,70.38,NIST SI-4,"[""DLP Rule Removed""]"
DRF00246,Control-98,HIGH,70.38,PCI DSS 12.3,"[""DLP Rule Removed""]"
DRF00444,Control-41,CRITICAL,92.0,CIS Controls 8.2,"[""Audit Logging Disabled""]"
DRF00444,Control-41,CRITICAL,92.0,NIST AU-2,"[""Audit Logging Disabled""]"
DRF00444,Control-41,CRITICAL,92.0,NIST AU-6,"[""Audit Logging Disabled""]"
DRF00444,Control-41,CRITICAL,92.0,PCI DSS 10.2,"[""Audit Logging Disabled""]"
DRF00095,Control-12,CRITICAL,93.0,CIS Controls 3.11,"[""Encryption Downgrade""]"
DRF00095,Control-12,CRITICAL,93.0,GDPR Article 32,"[""Encryption Downgrade""]"
DRF00095,Control-12,CRITICAL,93.0,NIST SC-13,"[""Encryption Downgrade""]"
DRF00095,Control-12,CRITICAL,93.0,PCI DSS 3.5,"[""Encryption Downgrade""]"
DRF00423,Control-86,HIGH,77.46,CIS Controls 10.1,"[""Endpoint Protection Disabled""]"
DRF00423,Control-86,HIGH,77.46,NIST SI-3,"[""Endpoint Protection Disabled""]"
DRF00423,Control-86,HIGH,77.46,PCI DSS 5.2,"[""Endpoint Protection Disabled""]"
DRF00022,Control-16,HIGH,76.72,CIS Controls 4.1,"[""Cloud Security Policy Removed""]"
DRF00022,Control-16,HIGH,76.72,NIST CM-3,"[""Cloud Security Policy Removed""]"
DRF00022,Control-16,HIGH,76.72,PCI DSS 6.5.1,"[""Cloud Security Policy Removed""]"
DRF00273,Control-21,HIGH,78.25,CIS Controls 4.1,"[""Cloud Security Policy Removed""]"
DRF00273,Control-21,HIGH,78.25,NIST CM-3,"[""Cloud Security Policy Removed""]"
DRF00273,Control-21,HIGH,78.25,PCI DSS 6.5.1,"[""Cloud Security Policy Removed""]"
DRF00493,Control-25,CRITICAL,92.0,CIS Controls 8.2,"[""Audit Logging Disabled""]"
DRF00493,Control-25,CRITICAL,92.0,NIST AU-2,"[""Audit Logging Disabled""]"
DRF00493,Control-25,CRITICAL,92.0,NIST AU-6,"[""Audit Logging Disabled""]"
DRF00493,Control-25,CRITICAL,92.0,PCI DSS 10.2,"[""Audit Logging Disabled""]"
DRF00469,Control-68,MEDIUM,64.43,CIS Controls 3.13,"[""DLP Rule Removed""]"
DRF00469,Control-68,MEDIUM,64.43,GDPR Article 32,"[""DLP Rule Removed""]"
DRF00469,Control-68,MEDIUM,64.43,NIST SI-4,"[""DLP Rule Removed""]"
DRF00469,Control-68,MEDIUM,64.43,PCI DSS 12.3,"[""DLP Rule Removed""]"
DRF00161,Control-31,CRITICAL,92.0,CIS Controls 8.2,"[""Audit Logging Disabled""]"
DRF00161,Control-31,CRITICAL,92.0,NIST AU-2,"[""Audit Logging Disabled""]"
DRF00161,Control-31,CRITICAL,92.0,NIST AU-6,"[""Audit Logging Disabled""]"
DRF00161,Control-31,CRITICAL,92.0,PCI DSS 10.2,"[""Audit Logging Disabled""]"
DRF00094,Control-35,CRITICAL,93.0,CIS Controls 3.11,"[""Encryption Downgrade""]"
DRF00094,Control-35,CRITICAL,93.0,GDPR Article 32,"[""Encryption Downgrade""]"
DRF00094,Control-35,CRITICAL,93.0,NIST SC-13,"[""Encryption Downgrade""]"
DRF00094,Control-35,CRITICAL,93.0,PCI DSS 3.5,"[""Encryption Downgrade""]"
DRF00126,Control-89,MEDIUM,61.99,CIS Controls 10.1,"[""Endpoint Protection Disabled""]"
DRF00126,Control-89,MEDIUM,61.99,NIST SI-3,"[""Endpoint Protection Disabled""]"
DRF00126,Control-89,MEDIUM,61.99,PCI DSS 5.2,"[""Endpoint Protection Disabled""]"
DRF00351,Control-68,HIGH,74.59,CIS Controls 10.1,"[""Endpoint Protection Disabled""]"
DRF00351,Control-68,HIGH,74.59,NIST SI-3,"[""Endpoint Protection Disabled""]"
DRF00351,Control-68,HIGH,74.59,PCI DSS 5.2,"[""Endpoint Protection Disabled""]"
DRF00248,Control-2,CRITICAL,92.0,CIS Controls 8.2,"[""Audit Logging Disabled""]"
DRF00248,Control-2,CRITICAL,92.0,NIST AU-2,"[""Audit Logging Disabled""]"
DRF00248,Control-2,CRITICAL,92.0,NIST AU-6,"[""Audit Logging Disabled""]"
DRF00248,Control-2,CRITICAL,92.0,PCI DSS 10.2,"[""Audit Logging Disabled""]"
DRF00476,Control-22,CRITICAL,93.0,CIS Controls 3.11,"[""Encryption Downgrade""]"
DRF00476,Control-22,CRITICAL,93.0,GDPR Article 32,"[""Encryption Downgrade""]"
DRF00476,Control-22,CRITICAL,93.0,NIST SC-13,"[""Encryption Downgrade""]"
DRF00476,Control-22,CRITICAL,93.0,PCI DSS 3.5,"[""Encryption Downgrade""]"
DRF00311,Control-37,CRITICAL,92.0,CIS Controls 8.2,"[""Audit Logging Disabled""]"
DRF00311,Control-37,CRITICAL,92.0,NIST AU-2,"[""Audit Logging Disabled""]"
DRF00311,Control-37,CRITICAL,92.0,NIST AU-6,"[""Audit Logging Disabled""]"
DRF00311,Control-37,CRITICAL,92.0,PCI DSS 10.2,"[""Audit Logging Disabled""]"
DRF00028,Control-69,CRITICAL,92.0,CIS Controls 8.2,"[""Audit Logging Disabled""]"
DRF00028,Control-69,CRITICAL,92.0,NIST AU-2,"[""Audit Logging Disabled""]"
DRF00028,Control-69,CRITICAL,92.0,NIST AU-6,"[""Audit Logging Disabled""]"
DRF00028,Control-69,CRITICAL,92.0,PCI DSS 10.2,"[""Audit Logging Disabled""]"
DRF00131,Control-77,HIGH,84.62,CIS Controls 3.13,"[""DLP Rule Removed""]"
DRF00131,Control-77,HIGH,84.62,GDPR Article 32,"[""DLP Rule Removed""]"
DRF00131,Control-77,HIGH,84.62,NIST SI-4,"[""DLP Rule Removed""]"
DRF00131,Control-77,HIGH,84.62,PCI DSS 12.3,"[""DLP Rule Removed""]"
DRF00437,Control-5,MEDIUM,61.63,CIS Controls 10.1,"[""Endpoint Protection Disabled""]"
DRF00437,Control-5,MEDIUM,61.63,NIST SI-3,"[""Endpoint Protection Disabled""]"
DRF00437,Control-5,MEDIUM,61.63,PCI DSS 5.2,"[""Endpoint Protection Disabled""]"
DRF00088,Control-49,HIGH,67.6,CIS Controls 3.13,"[""DLP Rule Removed""]"
DRF00088,Control-49,HIGH,67.6,GDPR Article 32,"[""DLP Rule Removed""]"
DRF00088,Control-49,HIGH,67.6,NIST SI-4,"[""DLP Rule Removed""]"
DRF00088,Control-49,HIGH,67.6,PCI DSS 12.3,"[""DLP Rule Removed""]"
DRF00217,Control-43,HIGH,66.25,CIS Controls 3.13,"[""DLP Rule Removed""]"
DRF00217,Control-43,HIGH,66.25,GDPR Article 32,"[""DLP Rule Removed""]"
DRF00217,Control-43,HIGH,66.25,NIST SI-4,"[""DLP Rule Removed""]"
DRF00217,Control-43,HIGH,66.25,PCI DSS 12.3,"[""DLP Rule Removed""]"
DRF00209,Control-22,CRITICAL,92.0,CIS Controls 8.2,"[""Audit Logging Disabled""]"
DRF00209,Control-22,CRITICAL,92.0,NIST AU-2,"[""Audit Logging Disabled""]"
DRF00209,Control-22,CRITICAL,92.0,NIST AU-6,"[""Audit Logging Disabled""]"
DRF00209,Control-22,CRITICAL,92.0,PCI DSS 10.2,"[""Audit Logging Disabled""]"
DRF00180,Control-78,MEDIUM,64.82,CIS Controls 3.13,"[""DLP Rule Removed""]"
DRF00180,Control-78,MEDIUM,64.82,GDPR Article 32,"[""DLP Rule Removed""]"
DRF00180,Control-78,MEDIUM,64.82,NIST SI-4,"[""DLP Rule Removed""]"
DRF00180,Control-78,MEDIUM,64.82,PCI DSS 12.3,"[""DLP Rule Removed""]"
DRF00410,Control-26,HIGH,78.72,CIS Controls 3.13,"[""DLP Rule Removed""]"
DRF00410,Control-26,HIGH,78.72,GDPR Article 32,"[""DLP Rule Removed""]"
DRF00410,Control-26,HIGH,78.72,NIST SI-4,"[""DLP Rule Removed""]"
DRF00410,Control-26,HIGH,78.72,PCI DSS 12.3,"[""DLP Rule Removed""]"
DRF00146,Control-5,CRITICAL,93.0,CIS Controls 3.11,"[""Encryption Downgrade""]"
DRF00146,Control-5,CRITICAL,93.0,GDPR Article 32,"[""Encryption Downgrade""]"
DRF00146,Control-5,CRITICAL,93.0,NIST SC-13,"[""Encryption Downgrade""]"
DRF00146,Control-5,CRITICAL,93.0,PCI DSS 3.5,"[""Encryption Downgrade""]"
DRF00374,Control-21,CRITICAL,93.0,CIS Controls 3.11,"[""Encryption Downgrade""]"
DRF00374,Control-21,CRITICAL,93.0,GDPR Article 32,"[""Encryption Downgrade""]"
DRF00374,Control-21,CRITICAL,93.0,NIST SC-13,"[""Encryption Downgrade""]"
DRF00374,Control-21,CRITICAL,93.0,PCI DSS 3.5,"[""Encryption Downgrade""]"
DRF00147,Control-68,HIGH,68.47,CIS Controls 3.13,"[""DLP Rule Removed""]"
DRF00147,Control-68,HIGH,68.47,GDPR Article 32,"[""DLP Rule Removed""]"
DRF00147,Control-68,HIGH,68.47,NIST SI-4,"[""DLP Rule Removed""]"
DRF00147,Control-68,HIGH,68.47,PCI DSS 12.3,"[""DLP Rule Removed""]"
DRF00159,Control-94,CRITICAL,93.0,CIS Controls 3.11,"[""Encryption Downgrade""]"
DRF00159,Control-94,CRITICAL,93.0,GDPR Article 32,"[""Encryption Downgrade""]"
DRF00159,Control-94,CRITICAL,93.0,NIST SC-13,"[""Encryption Downgrade""]"
DRF00159,Control-94,CRITICAL,93.0,PCI DSS 3.5,"[""Encryption Downgrade""]"
DRF00023,Control-15,CRITICAL,93.0,CIS Controls 3.11,"[""Encryption Downgrade""]"
DRF00023,Control-15,CRITICAL,93.0,GDPR Article 32,"[""Encryption Downgrade""]"
DRF00023,Control-15,CRITICAL,93.0,NIST SC-13,"[""Encryption Downgrade""]"
DRF00023,Control-15,CRITICAL,93.0,PCI DSS 3.5,"[""Encryption Downgrade""]"
DRF00067,Control-49,CRITICAL,92.0,CIS Controls 8.2,"[""Audit Logging Disabled""]"
DRF00067,Control-49,CRITICAL,92.0,NIST AU-2,"[""Audit Logging Disabled""]"
DRF00067,Control-49,CRITICAL,92.0,NIST AU-6,"[""Audit Logging Disabled""]"
DRF00067,Control-49,CRITICAL,92.0,PCI DSS 10.2,"[""Audit Logging Disabled""]"
DRF00024,Control-40,CRITICAL,92.0,CIS Controls 8.2,"[""Audit Logging Disabled""]"
DRF00024,Control-40,CRITICAL,92.0,NIST AU-2,"[""Audit Logging Disabled""]"
DRF00024,Control-40,CRITICAL,92.0,NIST AU-6,"[""Audit Logging Disabled""]"
DRF00024,Control-40,CRITICAL,92.0,PCI DSS 10.2,"[""Audit Logging Disabled""]"
DRF00003,Control-36,HIGH,66.68,CIS Controls 10.1,"[""Endpoint Protection Disabled""]"
DRF00003,Control-36,HIGH,66.68,NIST SI-3,"[""Endpoint Protection Disabled""]"
DRF00003,Control-36,HIGH,66.68,PCI DSS 5.2,"[""Endpoint Protection Disabled""]"
DRF00135,Control-30,CRITICAL,93.0,CIS Controls 3.11,"[""Encryption Downgrade""]"
DRF00135,Control-30,CRITICAL,93.0,GDPR Article 32,"[""Encryption Downgrade""]"
DRF00135,Control-30,CRITICAL,93.0,NIST SC-13,"[""Encryption Downgrade""]"
DRF00135,Control-30,CRITICAL,93.0,PCI DSS 3.5,"[""Encryption Downgrade""]"
DRF00111,Control-10,HIGH,78.67,CIS Controls 4.1,"[""Cloud Security Policy Removed""]"
DRF00111,Control-10,HIGH,78.67,NIST CM-3,"[""Cloud Security Policy Removed""]"
DRF00111,Control-10,HIGH,78.67,PCI DSS 6.5.1,"[""Cloud Security Policy Removed""]"
DRF00425,Control-68,HIGH,66.02,CIS Controls 10.1,"[""Endpoint Protection Disabled""]"
DRF00425,Control-68,HIGH,66.02,NIST SI-3,"[""Endpoint Protection Disabled""]"
DRF00425,Control-68,HIGH,66.02,PCI DSS 5.2,"[""Endpoint Protection Disabled""]"
DRF00463,Control-39,CRITICAL,93.0,CIS Controls 3.11,"[""Encryption Downgrade""]"
DRF00463,Control-39,CRITICAL,93.0,GDPR Article 32,"[""Encryption Downgrade""]"
DRF00463,Control-39,CRITICAL,93.0,NIST SC-13,"[""Encryption Downgrade""]"
DRF00463,Control-39,CRITICAL,93.0,PCI DSS 3.5,"[""Encryption Downgrade""]"
DRF00128,Control-39,MEDIUM,56.88,CIS Controls 3.13,"[""DLP Rule Removed""]"
DRF00128,Control-39,MEDIUM,56.88,GDPR Article 32,"[""DLP Rule Removed""]"
DRF00128,Control-39,MEDIUM,56.88,NIST SI-4,"[""DLP Rule Removed""]"
DRF00128,Control-39,MEDIUM,56.88,PCI DSS 12.3,"[""DLP Rule Removed""]"
DRF00455,Control-80,CRITICAL,93.0,CIS Controls 3.11,"[""Encryption Downgrade""]"
DRF00455,Control-80,CRITICAL,93.0,GDPR Article 32,"[""Encryption Downgrade""]"
DRF00455,Control-80,CRITICAL,93.0,NIST SC-13,"[""Encryption Downgrade""]"
DRF00455,Control-80,CRITICAL,93.0,PCI DSS 3.5,"[""Encryption Downgrade""]"
DRF00247,Control-19,CRITICAL,92.0,CIS Controls 8.2,"[""Audit Logging Disabled""]"
DRF00247,Control-19,CRITICAL,92.0,NIST AU-2,"[""Audit Logging Disabled""]"
DRF00247,Control-19,CRITICAL,92.0,NIST AU-6,"[""Audit Logging Disabled""]"
DRF00247,Control-19,CRITICAL,92.0,PCI DSS 10.2,"[""Audit Logging Disabled""]"
DRF00190,Control-84,CRITICAL,93.0,CIS Controls 3.11,"[""Encryption Downgrade""]"
DRF00190,Control-84,CRITICAL,93.0,GDPR Article 32,"[""Encryption Downgrade""]"
DRF00190,Control-84,CRITICAL,93.0,NIST SC-13,"[""Encryption Downgrade""]"
DRF00190,Control-84,CRITICAL,93.0,PCI DSS 3.5,"[""Encryption Downgrade""]"
DRF00051,Control-90,MEDIUM,64.18,CIS Controls 3.13,"[""DLP Rule Removed""]"
DRF00051,Control-90,MEDIUM,64.18,GDPR Article 32,"[""DLP Rule Removed""]"
DRF00051,Control-90,MEDIUM,64.18,NIST SI-4,"[""DLP Rule Removed""]"
DRF00051,Control-90,MEDIUM,64.18,PCI DSS 12.3,"[""DLP Rule Removed""]"
DRF00215,Control-28,CRITICAL,93.0,CIS Controls 3.11,"[""Encryption Downgrade""]"
DRF00215,Control-28,CRITICAL,93.0,GDPR Article 32,"[""Encryption Downgrade""]"
DRF00215,Control-28,CRITICAL,93.0,NIST SC-13,"[""Encryption Downgrade""]"
DRF00215,Control-28,CRITICAL,93.0,PCI DSS 3.5,"[""Encryption Downgrade""]"
DRF00108,Control-66,MEDIUM,60.2,CIS Controls 10.1,"[""Endpoint Protection Disabled""]"
DRF00108,Control-66,MEDIUM,60.2,NIST SI-3,"[""Endpoint Protection Disabled""]"
DRF00108,Control-66,MEDIUM,60.2,PCI DSS 5.2,"[""Endpoint Protection Disabled""]"
DRF00036,Control-61,CRITICAL,93.0,CIS Controls 3.11,"[""Encryption Downgrade""]"
DRF00036,Control-61,CRITICAL,93.0,GDPR Article 32,"[""Encryption Downgrade""]"
DRF00036,Control-61,CRITICAL,93.0,NIST SC-13,"[""Encryption Downgrade""]"
DRF00036,Control-61,CRITICAL,93.0,PCI DSS 3.5,"[""Encryption Downgrade""]"
DRF00454,Control-93,HIGH,66.8,CIS Controls 3.13,"[""DLP Rule Removed""]"
DRF00454,Control-93,HIGH,66.8,GDPR Article 32,"[""DLP Rule Removed""]"
DRF00454,Control-93,HIGH,66.8,NIST SI-4,"[""DLP Rule Removed""]"
DRF00454,Control-93,HIGH,66.8,PCI DSS 12.3,"[""DLP Rule Removed""]"
DRF00132,Control-5,CRITICAL,92.0,CIS Controls 8.2,"[""Audit Logging Disabled""]"
DRF00132,Control-5,CRITICAL,92.0,NIST AU-2,"[""Audit Logging Disabled""]"
DRF00132,Control-5,CRITICAL,92.0,NIST AU-6,"[""Audit Logging Disabled""]"
DRF00132,Control-5,CRITICAL,92.0,PCI DSS 10.2,"[""Audit Logging Disabled""]"
DRF00097,Control-32,HIGH,71.71,CIS Controls 10.1,"[""Endpoint Protection Disabled""]"
DRF00097,Control-32,HIGH,71.71,NIST SI-3,"[""Endpoint Protection Disabled""]"
DRF00097,Control-32,HIGH,71.71,PCI DSS 5.2,"[""Endpoint Protection Disabled""]"
DRF00450,Control-25,CRITICAL,93.0,CIS Controls 3.11,"[""Encryption Downgrade""]"
DRF00450,Control-25,CRITICAL,93.0,GDPR Article 32,"[""Encryption Downgrade""]"
DRF00450,Control-25,CRITICAL,93.0,NIST SC-13,"[""Encryption Downgrade""]"
DRF00450,Control-25,CRITICAL,93.0,PCI DSS 3.5,"[""Encryption Downgrade""]"
DRF00134,Control-55,CRITICAL,93.0,CIS Controls 3.11,"[""Encryption Downgrade""]"
DRF00134,Control-55,CRITICAL,93.0,GDPR Article 32,"[""Encryption Downgrade""]"
DRF00134,Control-55,CRITICAL,93.0,NIST SC-13,"[""Encryption Downgrade""]"
DRF00134,Control-55,CRITICAL,93.0,PCI DSS 3.5,"[""Encryption Downgrade""]"
DRF00210,Control-86,CRITICAL,93.0,CIS Controls 3.11,"[""Encryption Downgrade""]"
DRF00210,Control-86,CRITICAL,93.0,GDPR Article 32,"[""Encryption Downgrade""]"
DRF00210,Control-86,CRITICAL,93.0,NIST SC-13,"[""Encryption Downgrade""]"
DRF00210,Control-86,CRITICAL,93.0,PCI DSS 3.5,"[""Encryption Downgrade""]"
DRF00030,Control-34,HIGH,67.93,CIS Controls 4.1,"[""Cloud Security Policy Removed""]"
DRF00030,Control-34,HIGH,67.93,NIST CM-3,"[""Cloud Security Policy Removed""]"
DRF00030,Control-34,HIGH,67.93,PCI DSS 6.5.1,"[""Cloud Security Policy Removed""]"
DRF00413,Control-13,HIGH,66.39,CIS Controls 4.1,"[""Cloud Security Policy Removed""]"
DRF00413,Control-13,HIGH,66.39,NIST CM-3,"[""Cloud Security Policy Removed""]"
DRF00413,Control-13,HIGH,66.39,PCI DSS 6.5.1,"[""Cloud Security Policy Removed""]"
DRF00312,Control-31,HIGH,66.21,CIS Controls 3.13,"[""DLP Rule Removed""]"
DRF00312,Control-31,HIGH,66.21,GDPR Article 32,"[""DLP Rule Removed""]"
DRF00312,Control-31,HIGH,66.21,NIST SI-4,"[""DLP Rule Removed""]"
DRF00312,Control-31,HIGH,66.21,PCI DSS 12.3,"[""DLP Rule Removed""]"
DRF00364,Control-88,HIGH,77.36,CIS Controls 4.1,"[""Cloud Security Policy Removed""]"
DRF00364,Control-88,HIGH,77.36,NIST CM-3,"[""Cloud Security Policy Removed""]"
DRF00364,Control-88,HIGH,77.36,PCI DSS 6.5.1,"[""Cloud Security Policy Removed""]"
DRF00381,Control-29,CRITICAL,93.0,CIS Controls 3.11,"[""Encryption Downgrade""]"
DRF00381,Control-29,CRITICAL,93.0,GDPR Article 32,"[""Encryption Downgrade""]"
DRF00381,Control-29,CRITICAL,93.0,NIST SC-13,"[""Encryption Downgrade""]"
DRF00381,Control-29,CRITICAL,93.0,PCI DSS 3.5,"[""Encryption Downgrade""]"
DRF00048,Control-42,CRITICAL,93.0,CIS Controls 3.11,"[""Encryption Downgrade""]"
DRF00048,Control-42,CRITICAL,93.0,GDPR Article 32,"[""Encryption Downgrade""]"
DRF00048,Control-42,CRITICAL,93.0,NIST SC-13,"[""Encryption Downgrade""]"
DRF00048,Control-42,CRITICAL,93.0,PCI DSS 3.5,"[""Encryption Downgrade""]"
DRF00366,Control-96,HIGH,69.08,CIS Controls 3.13,"[""DLP Rule Removed""]"
DRF00366,Control-96,HIGH,69.08,GDPR Article 32,"[""DLP Rule Removed""]"
DRF00366,Control-96,HIGH,69.08,NIST SI-4,"[""DLP Rule Removed""]"
DRF00366,Control-96,HIGH,69.08,PCI DSS 12.3,"[""DLP Rule Removed""]"
DRF00183,Control-51,CRITICAL,92.0,CIS Controls 8.2,"[""Audit Logging Disabled""]"
DRF00183,Control-51,CRITICAL,92.0,NIST AU-2,"[""Audit Logging Disabled""]"
DRF00183,Control-51,CRITICAL,92.0,NIST AU-6,"[""Audit Logging Disabled""]"
DRF00183,Control-51,CRITICAL,92.0,PCI DSS 10.2,"[""Audit Logging Disabled""]"
DRF00323,Control-13,CRITICAL,93.0,CIS Controls 3.11,"[""Encryption Downgrade""]"
DRF00323,Control-13,CRITICAL,93.0,GDPR Article 32,"[""Encryption Downgrade""]"
DRF00323,Control-13,CRITICAL,93.0,NIST SC-13,"[""Encryption Downgrade""]"
DRF00323,Control-13,CRITICAL,93.0,PCI DSS 3.5,"[""Encryption Downgrade""]"
DRF00232,Control-46,HIGH,66.89,CIS Controls 3.13,"[""DLP Rule Removed""]"
DRF00232,Control-46,HIGH,66.89,GDPR Article 32,"[""DLP Rule Removed""]"
DRF00232,Control-46,HIGH,66.89,NIST SI-4,"[""DLP Rule Removed""]"
DRF00232,Control-46,HIGH,66.89,PCI DSS 12.3,"[""DLP Rule Removed""]"
DRF00496,Control-14,CRITICAL,93.0,CIS Controls 3.11,"[""Encryption Downgrade""]"
DRF00496,Control-14,CRITICAL,93.0,GDPR Article 32,"[""Encryption Downgrade""]"
DRF00496,Control-14,CRITICAL,93.0,NIST SC-13,"[""Encryption Downgrade""]"
DRF00496,Control-14,CRITICAL,93.0,PCI DSS 3.5,"[""Encryption Downgrade""]"
DRF00260,Control-85,HIGH,76.88,CIS Controls 10.1,"[""Endpoint Protection Disabled""]"
DRF00260,Control-85,HIGH,76.88,NIST SI-3,"[""Endpoint Protection Disabled""]"
DRF00260,Control-85,HIGH,76.88,PCI DSS 5.2,"[""Endpoint Protection Disabled""]"
DRF00133,Control-98,CRITICAL,92.0,CIS Controls 8.2,"[""Audit Logging Disabled""]"
DRF00133,Control-98,CRITICAL,92.0,NIST AU-2,"[""Audit Logging Disabled""]"
DRF00133,Control-98,CRITICAL,92.0,NIST AU-6,"[""Audit Logging Disabled""]"
DRF00133,Control-98,CRITICAL,92.0,PCI DSS 10.2,"[""Audit Logging Disabled""]"
DRF00487,Control-86,HIGH,68.47,CIS Controls 3.13,"[""DLP Rule Removed""]"
DRF00487,Control-86,HIGH,68.47,GDPR Article 32,"[""DLP Rule Removed""]"
DRF00487,Control-86,HIGH,68.47,NIST SI-4,"[""DLP Rule Removed""]"
DRF00487,Control-86,HIGH,68.47,PCI DSS 12.3,"[""DLP Rule Removed""]"
DRF00089,Control-73,CRITICAL,92.0,CIS Controls 8.2,"[""Audit Logging Disabled""]"
DRF00089,Control-73,CRITICAL,92.0,NIST AU-2,"[""Audit Logging Disabled""]"
DRF00089,Control-73,CRITICAL,92.0,NIST AU-6,"[""Audit Logging Disabled""]"
DRF00089,Control-73,CRITICAL,92.0,PCI DSS 10.2,"[""Audit Logging Disabled""]"
DRF00308,Control-35,CRITICAL,93.0,CIS Controls 3.11,"[""Encryption Downgrade""]"
DRF00308,Control-35,CRITICAL,93.0,GDPR Article 32,"[""Encryption Downgrade""]"
DRF00308,Control-35,CRITICAL,93.0,NIST SC-13,"[""Encryption Downgrade""]"
DRF00308,Control-35,CRITICAL,93.0,PCI DSS 3.5,"[""Encryption Downgrade""]"
DRF00378,Control-62,HIGH,66.03,CIS Controls 3.13,"[""DLP Rule Removed""]"
DRF00378,Control-62,HIGH,66.03,GDPR Article 32,"[""DLP Rule Removed""]"
DRF00378,Control-62,HIGH,66.03,NIST SI-4,"[""DLP Rule Removed""]"
DRF00378,Control-62,HIGH,66.03,PCI DSS 12.3,"[""DLP Rule Removed""]"
DRF00479,Control-46,HIGH,70.48,CIS Controls 4.1,"[""Cloud Security Policy Removed""]"
DRF00479,Control-46,HIGH,70.48,NIST CM-3,"[""Cloud Security Policy Removed""]"
DRF00479,Control-46,HIGH,70.48,PCI DSS 6.5.1,"[""Cloud Security Policy Removed""]"
DRF00136,Control-25,CRITICAL,93.0,CIS Controls 3.11,"[""Encryption Downgrade""]"
DRF00136,Control-25,CRITICAL,93.0,GDPR Article 32,"[""Encryption Downgrade""]"
DRF00136,Control-25,CRITICAL,93.0,NIST SC-13,"[""Encryption Downgrade""]"
DRF00136,Control-25,CRITICAL,93.0,PCI DSS 3.5,"[""Encryption Downgrade""]"
DRF00096,Control-6,HIGH,71.9,CIS Controls 4.1,"[""Cloud Security Policy Removed""]"
DRF00096,Control-6,HIGH,71.9,NIST CM-3,"[""Cloud Security Policy Removed""]"
DRF00096,Control-6,HIGH,71.9,PCI DSS 6.5.1,"[""Cloud Security Policy Removed""]"
DRF00373,Control-87,CRITICAL,93.0,CIS Controls 3.11,"[""Encryption Downgrade""]"
DRF00373,Control-87,CRITICAL,93.0,GDPR Article 32,"[""Encryption Downgrade""]"
DRF00373,Control-87,CRITICAL,93.0,NIST SC-13,"[""Encryption Downgrade""]"
DRF00373,Control-87,CRITICAL,93.0,PCI DSS 3.5,"[""Encryption Downgrade""]"
DRF00456,Control-42,CRITICAL,92.0,CIS Controls 8.2,"[""Audit Logging Disabled""]"
DRF00456,Control-42,CRITICAL,92.0,NIST AU-2,"[""Audit Logging Disabled""]"
DRF00456,Control-42,CRITICAL,92.0,NIST AU-6,"[""Audit Logging Disabled""]"
DRF00456,Control-42,CRITICAL,92.0,PCI DSS 10.2,"[""Audit Logging Disabled""]"
DRF00200,Control-20,MEDIUM,58.98,CIS Controls 3.13,"[""DLP Rule Removed""]"
DRF00200,Control-20,MEDIUM,58.98,GDPR Article 32,"[""DLP Rule Removed""]"
DRF00200,Control-20,MEDIUM,58.98,NIST SI-4,"[""DLP Rule Removed""]"
DRF00200,Control-20,MEDIUM,58.98,PCI DSS 12.3,"[""DLP Rule Removed""]"
DRF00267,Control-55,CRITICAL,92.0,CIS Controls 8.2,"[""Audit Logging Disabled""]"
DRF00267,Control-55,CRITICAL,92.0,NIST AU-2,"[""Audit Logging Disabled""]"
DRF00267,Control-55,CRITICAL,92.0,NIST AU-6,"[""Audit Logging Disabled""]"
DRF00267,Control-55,CRITICAL,92.0,PCI DSS 10.2,"[""Audit Logging Disabled""]"
DRF00072,Control-69,CRITICAL,92.0,CIS Controls 8.2,"[""Audit Logging Disabled""]"
DRF00072,Control-69,CRITICAL,92.0,NIST AU-2,"[""Audit Logging Disabled""]"
DRF00072,Control-69,CRITICAL,92.0,NIST AU-6,"[""Audit Logging Disabled""]"
DRF00072,Control-69,CRITICAL,92.0,PCI DSS 10.2,"[""Audit Logging Disabled""]"
DRF00495,Control-4,CRITICAL,93.0,CIS Controls 3.11,"[""Encryption Downgrade""]"
DRF00495,Control-4,CRITICAL,93.0,GDPR Article 32,"[""Encryption Downgrade""]"
DRF00495,Control-4,CRITICAL,93.0,NIST SC-13,"[""Encryption Downgrade""]"
DRF00495,Control-4,CRITICAL,93.0,PCI DSS 3.5,"[""Encryption Downgrade""]"
,CloudTrail Disabled,CRITICAL,95.0,CIS AWS 3.1,"[""CloudTrail Disabled"", ""Audit Logging Disabled""]"
,CloudTrail Disabled,CRITICAL,95.0,CIS Controls 8.2,"[""CloudTrail Disabled"", ""Audit Logging Disabled""]"
,CloudTrail Disabled,CRITICAL,95.0,NIST AU-12,"[""CloudTrail Disabled"", ""Audit Logging Disabled""]"
,CloudTrail Disabled,CRITICAL,95.0,NIST AU-2,"[""CloudTrail Disabled"", ""Audit Logging Disabled""]"
,CloudTrail Disabled,CRITICAL,95.0,NIST AU-6,"[""CloudTrail Disabled"", ""Audit Logging Disabled""]"
,CloudTrail Disabled,CRITICAL,95.0,PCI DSS 10.2,"[""CloudTrail Disabled"", ""Audit Logging Disabled""]"
,Firewall Rule Changed,HIGH,84.99,CIS Controls 4.4,"[""Firewall Open To Internet""]"
,Firewall Rule Changed,HIGH,84.99,NIST AC-4,"[""Firewall Open To Internet""]"
,Firewall Rule Changed,HIGH,84.99,NIST SC-7,"[""Firewall Open To Internet""]"
,Firewall Rule Changed,HIGH,84.99,PCI DSS 1.3.1,"[""Firewall Open To Internet""]"
,MFA Disabled,CRITICAL,95.0,CIS Controls 6.3,"[""MFA Disabled"", ""Admin Role Granted""]"
,MFA Disabled,CRITICAL,95.0,CIS Controls 6.8,"[""MFA Disabled"", ""Admin Role Granted""]"
,MFA Disabled,CRITICAL,95.0,NIST AC-2,"[""MFA Disabled"", ""Admin Role Granted""]"
,MFA Disabled,CRITICAL,95.0,NIST AC-6,"[""MFA Disabled"", ""Admin Role Granted""]"
,MFA Disabled,CRITICAL,95.0,NIST IA-2,"[""MFA Disabled"", ""Admin Role Granted""]"
,MFA Disabled,CRITICAL,95.0,PCI DSS 7.2,"[""MFA Disabled"", ""Admin Role Granted""]"
,MFA Disabled,CRITICAL,95.0,PCI DSS 8.4.2,"[""MFA Disabled"", ""Admin Role Granted""]"
